,city name,country,date,lon,lat,max temp,humidity,cloudiness,wind speed
0,Adrar,MR,1590273225,-10.07,20.5,86.23,13,0,10.2
1,Hermanus,ZA,1590273225,19.23,-34.42,48.99,95,0,7.18
2,Busselton,AU,1590273225,115.33,-33.65,64.99,25,100,21.18
3,Jamestown,US,1590273223,-79.24,42.1,70.0,77,20,4.29
4,Atasū,KZ,1590273225,71.64,48.68,63.7,62,7,7.05
5,Deputatsky,RU,1590273225,139.9,69.3,34.59,100,100,3.33
6,Saskylakh,RU,1590273225,114.08,71.92,47.59,93,82,9.24
7,Hay River,CA,1590273225,-115.8,60.82,44.6,56,20,10.29
8,Albany,US,1590273225,-73.97,42.6,80.6,21,20,10.29
9,Rikitea,PF,1590273225,-134.97,-23.12,70.7,67,34,20.58
10,Mataura,NZ,1590273226,168.86,-46.19,52.29,75,100,1.34
11,Quatre Cocos,MU,1590273226,57.76,-20.21,68.0,82,75,3.36
12,Iqaluit,CA,1590273226,-68.51,63.75,26.6,79,90,23.04
13,Souillac,MU,1590273226,57.52,-20.52,68.0,82,75,3.36
14,Guayaramerín,BO,1590273226,-65.36,-10.84,66.51,67,89,6.78
15,Punta Arenas,CL,1590272990,-70.92,-53.15,46.4,93,90,9.17
16,Honiara,SB,1590273226,159.95,-9.43,84.2,79,40,2.24
17,Yelizovo,RU,1590273226,158.38,53.19,51.8,50,100,6.71
18,Manatí,PR,1590273217,-66.49,18.43,87.8,62,40,8.05
19,Bredasdorp,ZA,1590273226,20.04,-34.53,55.4,76,0,5.82
20,Ushuaia,AR,1590273226,-68.3,-54.8,41.0,86,90,27.51
21,Hobart,AU,1590273070,147.33,-42.88,48.2,87,75,10.29
22,Zhigalovo,RU,1590273226,105.16,54.81,57.42,60,68,1.28
23,Leningradskiy,RU,1590273226,178.42,69.38,30.24,97,100,10.56
24,Tiksi,RU,1590273226,128.87,71.69,42.3,85,94,17.54
25,Lompoc,US,1590273226,-120.46,34.64,64.4,63,1,16.11
26,Atuona,PF,1590273226,-139.03,-9.8,80.64,72,4,15.79
27,Kapaa,US,1590273226,-159.32,22.08,80.6,78,40,10.29
28,Gushikawa,JP,1590273226,127.87,26.35,73.4,94,75,6.93
29,Kiama,AU,1590273226,150.87,-34.68,60.01,77,100,8.01
30,Constitución,CL,1590273227,-72.42,-35.33,57.74,51,29,8.63
31,Butaritari,KI,1590272754,172.79,3.07,82.8,78,54,9.15
32,Avarua,CK,1590273227,-159.78,-21.21,82.4,78,72,8.05
33,New Norfolk,AU,1590273227,147.06,-42.78,48.0,87,91,1.01
34,Provideniya,RU,1590273227,-173.3,64.38,38.8,85,100,5.37
35,Makubetsu,JP,1590273227,141.82,45.37,52.7,90,99,12.88
36,Tasiilaq,GL,1590273227,-37.64,65.61,44.6,88,100,12.75
37,Cayenne,GF,1590273005,-52.33,4.93,77.0,100,98,5.82
38,Aklavik,CA,1590273227,-135.01,68.22,57.2,33,5,11.41
39,Lagoa,PT,1590273227,-27.98,39.05,65.26,90,96,12.24
40,Tezu,IN,1590273227,96.17,27.92,71.29,83,98,3.42
41,Qaanaaq,GL,1590273227,-69.36,77.48,28.8,92,0,2.91
42,Vaini,TO,1590273227,-175.2,-21.2,77.0,73,20,9.17
43,Nikolskoye,RU,1590273227,30.79,59.7,41.0,65,0,6.71
44,Fort Nelson,CA,1590273043,-122.7,58.81,69.8,30,40,4.7
45,Saint-Philippe,RE,1590273227,55.77,-21.36,66.2,72,75,6.93
46,Ucluelet,CA,1590273115,-125.55,48.93,53.6,76,90,5.82
47,Kitimat,CA,1590273227,-128.65,54.05,55.4,58,90,11.41
48,Zverinogolovskoye,RU,1590273227,64.85,54.46,61.84,94,99,6.64
49,Hilo,US,1590273220,-155.09,19.73,82.4,58,75,5.82
50,Tabuk,PH,1590273227,121.44,17.42,79.93,72,99,1.14
51,Aitape,PG,1590273227,142.35,-3.14,84.42,72,38,1.57
52,Lucea,JM,1590273227,-78.17,18.45,84.2,74,75,11.41
53,Severo-Kuril'sk,RU,1590273227,156.12,50.68,42.04,66,44,7.18
54,Tilichiki,RU,1590273227,166.1,60.47,35.78,84,5,7.31
55,Saint George,US,1590273156,-113.58,37.1,77.0,15,1,11.41
56,Lamu,KE,1590273227,40.9,-2.27,79.27,80,21,16.49
57,Tonekābon,IR,1590273228,50.87,36.82,62.6,100,90,16.11
58,Lopukhiv,UA,1590273228,23.96,48.37,43.07,82,94,1.41
59,Mahébourg,MU,1590273228,57.7,-20.41,68.0,82,75,3.36
60,Barrow,US,1590273034,-156.79,71.29,32.0,98,90,13.87
61,Husavik,IS,1590273228,-17.34,66.04,41.0,80,0,5.82
62,Kununurra,AU,1590273228,128.73,-15.77,59.0,47,0,6.93
63,Vao,NC,1590273228,167.48,-22.67,74.23,77,26,21.12
64,Dikson,RU,1590273184,80.55,73.51,41.76,83,68,14.25
65,Strezhevoy,RU,1590273228,77.59,60.73,53.6,87,68,6.71
66,Lakes Entrance,AU,1590273228,147.98,-37.88,51.01,94,68,6.98
67,Yar-Sale,RU,1590273228,70.83,66.83,49.59,81,100,13.02
68,Sobolevo,RU,1590273228,31.9,54.43,37.36,94,28,4.25
69,George Town,MY,1590273072,100.34,5.41,78.8,94,20,4.7
70,Hithadhoo,MV,1590273228,73.08,-0.6,83.98,77,100,12.46
71,San Miguel de Tucumán,AR,1590273215,-65.22,-26.82,55.4,47,0,5.82
72,Pevek,RU,1590273228,170.31,69.7,30.74,95,100,4.65
73,Saint-Pierre,RE,1590273228,55.48,-21.34,66.2,72,75,6.93
74,Bluff,NZ,1590273228,168.33,-46.6,50.41,90,100,1.86
75,Wau,SS,1590273228,28.0,7.7,76.68,67,9,4.36
76,Mossamedes,AO,1590273228,12.15,-15.2,76.55,56,0,4.43
77,Bairiki Village,KI,1590273045,172.98,1.33,86.0,70,40,9.17
78,Xam Nua,LA,1590273228,104.04,20.42,70.74,87,100,1.72
79,Loa Janan,ID,1590273228,117.09,-0.58,75.52,97,99,2.21
80,São Filipe,CV,1590273228,-24.5,14.9,75.81,68,0,6.31
81,Aykhal,RU,1590273228,111.5,66.0,62.6,39,63,4.47
82,Majene,ID,1590273228,118.97,-3.54,79.65,76,44,2.68
83,Chui,UY,1590273228,-53.46,-33.7,58.6,83,99,14.9
84,Matanzas,CU,1590273229,-81.58,23.04,75.2,94,90,6.93
85,Muhos,FI,1590273229,25.99,64.81,44.6,72,40,1.12
86,Ambulu,ID,1590273229,113.61,-8.35,77.04,86,2,2.66
87,Longyearbyen,SJ,1590273186,15.64,78.22,39.2,69,75,3.36
88,Hasaki,JP,1590273229,140.83,35.73,68.0,82,75,6.93
89,George,ZA,1590273229,22.46,-33.96,55.4,82,0,3.36
90,Khandyga,RU,1590273229,135.6,62.67,54.84,38,88,6.55
91,Chivay,PE,1590273229,-71.6,-15.64,49.73,46,22,7.9
92,Narsaq,GL,1590273229,-46.05,60.92,55.4,28,17,13.87
93,Fayaoué,NC,1590273229,166.53,-20.65,75.88,70,99,10.45
94,Geraldton,AU,1590273041,114.6,-28.77,75.2,17,100,31.09
95,Nizwá,OM,1590273229,57.53,22.93,77.2,79,8,5.23
96,Thompson,CA,1590273229,-97.86,55.74,73.4,33,75,8.05
97,Luganville,VU,1590273229,167.17,-15.53,78.8,78,75,5.01
98,Noumea,NC,1590273229,166.46,-22.28,75.2,64,29,3.36
99,Camacha,PT,1590273229,-16.33,33.08,69.8,60,40,12.75
100,Honningsvåg,NO,1590273229,25.97,70.98,43.95,83,22,23.22
101,Ilulissat,GL,1590273229,-51.1,69.22,37.4,74,66,5.82
102,Chapais,CA,1590273229,-74.85,49.78,59.0,22,1,5.82
103,Puerto Ayora,EC,1590273229,-90.35,-0.74,80.6,65,20,16.11
104,Esperance,AU,1590273229,121.9,-33.87,53.6,46,100,19.46
105,Tuktoyaktuk,CA,1590273229,-133.04,69.45,39.2,98,5,13.87
106,Sorong,ID,1590273229,131.25,-0.88,80.8,84,37,7.96
107,Skellefteå,SE,1590273229,20.95,64.75,46.0,75,100,6.93
108,Castro,BR,1590273229,-50.01,-24.79,48.85,77,20,10.92
109,Mahanoro,MG,1590273229,48.8,-19.9,71.26,86,60,4.47
110,Bereda,ES,1590273229,-7.54,43.27,54.0,92,100,11.99
111,Evensk,RU,1590273230,159.23,61.95,42.71,60,0,3.67
112,Torbay,CA,1590273230,-52.73,47.67,43.0,72,75,16.11
113,Concordia,AR,1590273230,-58.02,-31.39,54.0,87,75,9.17
114,Port Elizabeth,ZA,1590273230,25.57,-33.92,51.8,93,0,3.36
115,Port Alfred,ZA,1590273230,26.89,-33.59,57.99,86,0,3.0
116,Touros,BR,1590273230,-35.46,-5.2,77.0,94,75,8.05
117,Carnarvon,AU,1590273230,113.63,-24.87,70.7,48,100,34.72
118,Cap-Haïtien,HT,1590273230,-72.2,19.76,82.11,80,78,9.28
119,Kruisfontein,ZA,1590273230,24.73,-34.0,52.5,84,0,3.8
120,Khatanga,RU,1590273230,102.5,71.97,54.57,76,48,5.01
121,Cape Town,ZA,1590272989,18.42,-33.93,59.0,93,0,6.93
122,São Félix do Xingu,BR,1590273230,-51.99,-6.64,74.88,92,72,1.88
123,Imbituba,BR,1590273096,-48.67,-28.24,69.8,40,21,17.22
124,Biak,ID,1590273230,122.88,-0.91,79.5,77,58,1.92
125,Saint Paul Harbor,US,1590273230,-152.41,57.79,48.2,81,90,10.29
126,Santa Ana,US,1590273061,-117.87,33.75,75.99,49,75,10.29
127,Mar del Plata,AR,1590273230,-57.56,-38.0,55.0,87,100,6.04
128,Sittwe,MM,1590273230,92.9,20.15,82.89,77,80,1.61
129,Coração de Jesus,BR,1590273230,-44.37,-16.69,78.8,57,48,6.93
130,Yatou,CN,1590273230,122.38,37.15,59.92,85,4,7.31
131,Kamaishi,JP,1590273230,141.88,39.27,64.31,79,43,6.15
132,Caravelas,BR,1590273230,-39.25,-17.71,74.03,88,1,2.82
133,Arraial do Cabo,BR,1590273230,-42.03,-22.97,77.0,83,39,6.93
134,Azul,AR,1590273230,-59.86,-36.78,48.0,71,66,5.35
135,Altamira,BR,1590273231,-52.21,-3.2,80.6,94,20,5.82
136,Klaksvík,FO,1590273231,-6.59,62.23,46.4,93,100,20.8
137,Yarkovo,RU,1590273231,67.08,57.4,48.43,72,78,0.13
138,Inuvik,CA,1590273231,-133.72,68.35,55.4,58,5,11.41
139,Cherskiy,RU,1590273231,161.3,68.75,34.9,78,13,8.01
140,Kudeyevskiy,RU,1590273231,56.76,54.88,57.2,87,90,4.47
141,Nizhniy Baskunchak,RU,1590273231,46.83,48.22,47.86,84,1,10.74
142,Hong Kong,HK,1590273031,114.16,22.29,78.01,83,75,5.99
143,Kavieng,PG,1590273231,150.8,-2.57,84.33,72,99,3.13
144,Margate,GB,1590273231,1.39,51.38,55.99,57,43,11.99
145,Alofi,NU,1590273231,-169.92,-19.06,78.8,94,19,9.17
146,Simbahan,PH,1590273231,120.58,6.3,83.73,77,69,7.65
147,Ushtobe,KZ,1590273231,77.98,45.25,69.33,39,0,21.0
148,Salinópolis,BR,1590273126,-47.36,-0.61,79.92,82,100,8.95
149,Sarakhs,IR,1590273231,61.16,36.54,73.4,31,0,2.24
150,Panabá,MX,1590273231,-88.27,21.28,88.5,54,75,9.28
151,Hamilton,US,1590273231,-84.53,39.18,73.0,83,75,3.36
152,Berdigestyakh,RU,1590273185,126.7,62.1,51.64,54,60,6.58
153,Yulara,AU,1590273231,130.99,-25.24,35.6,59,0,3.36
154,Poso,ID,1590273232,120.75,-1.4,78.76,80,99,2.59
155,Thinadhoo,MV,1590273232,72.93,0.53,83.5,79,100,19.98
156,Kyra,RU,1590273232,111.98,49.58,51.64,59,100,5.57
157,Ketchikan,US,1590273232,-131.65,55.34,51.8,93,90,11.41
158,Bonnyville,CA,1590273232,-110.73,54.27,48.2,61,75,11.41
159,Pacifica,US,1590273232,-122.49,37.61,71.01,43,20,19.46
160,Paamiut,GL,1590273232,-49.67,61.99,41.4,72,35,18.3
161,Umluj,SA,1590273232,37.27,25.02,82.31,66,0,7.07
162,Kiryat Gat,IL,1590273122,34.76,31.61,69.01,77,24,12.55
163,Pontes e Lacerda,BR,1590273232,-59.34,-15.23,58.55,58,100,5.84
164,Kaitangata,NZ,1590273232,169.85,-46.28,48.0,83,100,3.0
165,Bilibino,RU,1590273232,166.44,68.05,31.77,89,28,4.41
166,Vidim,RU,1590273232,103.11,56.41,60.71,51,70,2.46
167,Guiratinga,BR,1590273232,-53.76,-16.35,63.0,83,100,6.82
168,Kungälv,SE,1590273232,11.98,57.87,48.99,94,34,1.99
169,Esim,GH,1590273232,-2.24,4.87,79.41,85,29,7.0
170,Chokurdakh,RU,1590273232,147.92,70.63,31.1,97,91,5.68
171,Ribeira Grande,PT,1590273232,-28.7,38.52,65.3,92,100,14.38
172,Coquimbo,CL,1590273232,-71.34,-29.95,57.2,76,0,2.8
173,High Level,CA,1590273232,-117.14,58.52,64.4,31,75,9.17
174,Belyy Yar,RU,1590273232,91.39,53.6,51.8,87,0,4.47
175,Carson City,US,1590273232,-119.77,39.16,69.8,10,1,8.05
176,Värnamo,SE,1590273232,14.04,57.19,48.0,83,0,6.82
177,Tayga,RU,1590273126,85.62,56.06,55.0,93,1,6.71
178,East London,ZA,1590273055,27.91,-33.02,64.18,81,0,4.36
179,Ponta do Sol,PT,1590273233,-17.1,32.67,75.2,44,20,21.92
180,Clovis,US,1590273003,-119.7,36.83,84.99,17,20,4.7
181,Jasper,US,1590273038,-94.35,37.2,84.99,58,1,12.75
182,Raudeberg,NO,1590273233,5.14,61.99,51.01,70,100,14.18
183,Nelson Bay,AU,1590273233,152.15,-32.72,59.0,67,90,14.99
184,Dingle,PH,1590273233,122.67,11.0,82.29,80,100,1.95
185,Maués,BR,1590273233,-57.72,-3.38,76.8,98,100,2.24
186,Dingli,MT,1590273233,14.38,35.86,66.0,88,0,3.36
187,Atambua,ID,1590273233,124.89,-9.11,74.37,85,88,5.14
188,Pisco,PE,1590273233,-76.22,-13.7,64.99,82,75,5.82
189,Loreto,MX,1590273117,-101.97,22.27,83.68,12,0,11.9
190,Koumac,NC,1590273233,164.28,-20.57,78.08,64,57,11.36
191,Böhönye,HU,1590273233,17.38,46.41,59.0,87,90,12.75
192,Faanui,PF,1590273233,-151.75,-16.48,80.67,79,7,18.52
193,Pahrump,US,1590273233,-115.98,36.21,79.0,8,1,5.99
194,Centralia,US,1590272941,-122.95,46.72,62.6,51,90,4.7
195,Marsala,IT,1590273233,12.44,37.8,73.0,82,0,4.7
196,Grindavik,IS,1590273233,-22.43,63.84,50.0,61,14,13.87
197,Kahului,US,1590273233,-156.47,20.89,89.6,46,40,23.04
198,Rawson,AR,1590273233,-65.1,-43.3,64.02,34,99,18.28
199,Liepāja,LV,1590273233,21.04,56.54,50.0,93,100,10.29
200,Korla,CN,1590273233,86.15,41.76,66.54,38,38,14.25
201,The Valley,AI,1590273233,-63.06,18.22,84.2,74,20,5.82
202,Ipixuna,BR,1590273234,-48.8,-1.76,78.8,88,75,3.36
203,Saldanha,ZA,1590273234,17.94,-33.01,51.8,87,0,2.24
204,Stillwater,US,1590273234,-97.06,36.12,87.8,45,1,13.87
205,Mīnāb,IR,1590273234,57.08,27.15,82.4,78,0,6.93
206,City of San Pedro,PH,1590273234,121.02,14.35,80.6,88,75,1.63
207,Tanacu,RO,1590273234,27.82,46.68,52.0,53,40,2.24
208,Mount Gambier,AU,1590273234,140.77,-37.83,48.2,93,90,8.05
209,Caconda,AO,1590273234,15.07,-13.73,55.83,59,0,3.42
210,Portland,US,1590272868,-122.68,45.52,64.0,48,90,3.38
211,Mount Isa,AU,1590273234,139.5,-20.73,44.6,100,0,15.48
212,Trenggalek,ID,1590273234,111.72,-8.05,75.47,78,0,1.1
213,Puerto Escondido,MX,1590273234,-97.07,15.85,86.0,70,20,8.05
214,Tingi,TZ,1590273234,35.03,-11.3,56.37,87,3,3.69
215,Urengoy,RU,1590273234,78.37,65.97,55.2,80,100,7.43
216,Posse,BR,1590273234,-46.37,-14.09,70.93,82,50,3.67
217,Airai,TL,1590273234,125.41,-8.93,61.86,100,95,3.74
218,Victor Harbor,AU,1590273234,138.62,-35.57,55.99,73,73,3.0
219,Tshikapa,CD,1590273234,20.8,-6.42,75.88,62,59,1.59
220,Smolenka,RU,1590273234,113.5,52.14,48.2,31,70,6.71
221,Tuatapere,NZ,1590273234,167.68,-46.13,50.31,88,100,1.21
222,Sayyan,YE,1590273234,44.32,15.17,61.16,63,23,1.39
223,São João del Rei,BR,1590273234,-44.26,-21.14,68.0,77,20,6.93
224,Nouadhibou,MR,1590273235,-17.03,20.93,68.0,88,75,17.22
225,Ostrovnoy,RU,1590273235,39.51,68.05,37.11,79,81,18.52
226,Kalmunai,LK,1590273235,81.82,7.42,81.86,80,100,2.37
227,Cockburn Town,TC,1590273235,-71.14,21.46,80.76,85,100,17.05
228,Labuhan,ID,1590273235,112.21,-6.88,78.44,84,0,6.53
229,Tagburos,PH,1590273235,118.73,9.83,80.6,83,75,4.7
230,Luau,AO,1590273235,22.22,-10.71,61.93,61,0,5.55
231,Deder,ET,1590273235,41.45,9.32,59.86,78,68,3.4
232,Coahuayana Viejo,MX,1590273235,-103.68,18.73,82.4,61,40,17.22
233,Pelotas,BR,1590273228,-52.34,-31.77,60.01,99,100,5.99
234,Makakilo City,US,1590273235,-158.09,21.35,84.2,62,1,9.17
235,Katsuura,JP,1590273235,140.3,35.13,66.2,93,40,4.7
236,Buala,SB,1590273235,159.59,-8.14,85.33,67,76,2.1
237,Upernavik,GL,1590273235,-56.15,72.79,29.66,97,23,14.81
238,Saint-Joseph,RE,1590273235,55.62,-21.37,66.2,72,75,6.93
239,Kavaratti,IN,1590273235,72.64,10.57,84.58,76,41,12.17
240,Huarmey,PE,1590273235,-78.15,-10.07,67.66,77,71,7.83
241,Isangel,VU,1590273235,169.27,-19.55,77.0,69,6,2.24
242,Nouakchott,MR,1590273235,-15.98,18.09,64.4,93,40,18.34
243,Sattenapalle,IN,1590273235,80.18,16.4,82.67,85,85,8.57
244,Kohtla-Järve,EE,1590273235,27.27,59.4,43.41,64,83,10.29
245,Mwense,ZM,1590273235,28.7,-10.38,64.53,65,0,6.62
246,Fortuna,US,1590273235,-124.16,40.6,62.01,67,20,17.22
247,Yellowknife,CA,1590273006,-114.35,62.46,46.4,49,75,16.11
248,Faya,SA,1590273235,42.45,18.39,68.0,59,20,1.5
249,Meulaboh,ID,1590273236,96.13,4.14,77.79,88,100,4.25
250,Les Cayes,HT,1590273236,-73.75,18.2,81.79,79,97,6.67
251,Yangi Marg`ilon,UZ,1590273236,71.72,40.43,75.2,36,0,2.24
252,Ikorodu,NG,1590273236,3.5,6.62,80.6,88,20,2.24
253,Berlevåg,NO,1590273236,29.09,70.86,45.03,70,61,23.67
254,Dawlatabad,AF,1590273236,64.91,36.41,75.65,23,0,0.43
255,Catuday,PH,1590273236,119.81,16.29,82.24,79,99,7.99
256,Clyde River,CA,1590273236,-68.59,70.47,28.4,86,90,6.93
257,Aktobe,KZ,1590273080,57.21,50.28,68.0,45,90,13.42
258,Changtu,CN,1590273236,124.1,42.78,57.6,86,50,4.65
259,Omsukchan,RU,1590273236,155.8,62.53,36.55,78,41,2.28
260,Talnakh,RU,1590273236,88.4,69.49,51.8,87,75,8.95
261,Kupang,ID,1590273236,123.58,-10.17,77.0,83,40,11.41
262,Richards Bay,ZA,1590273236,32.04,-28.78,62.87,79,0,3.36
263,Payo,ID,1590273236,103.64,-3.75,71.76,89,28,1.77
264,San Matías,BO,1590273236,-58.4,-16.37,58.6,64,99,4.68
265,Skegness,GB,1590273236,0.34,53.14,57.2,58,67,16.11
266,Itarema,BR,1590273236,-39.92,-2.92,77.85,90,96,7.83
267,Maningrida,AU,1590273236,134.27,-12.07,67.95,57,83,15.82
268,Shache,CN,1590273236,77.24,38.42,67.01,26,14,4.09
269,San Patricio,MX,1590273237,-104.7,19.22,82.4,78,20,17.22
270,Darhan,MN,1590273237,105.92,49.49,55.38,51,82,3.65
271,Tromsø,NO,1590273237,18.96,69.65,46.4,77,78,23.04
272,Wuda,CN,1590273237,106.71,39.5,57.49,37,100,9.22
273,Yumen,CN,1590273237,97.2,40.28,60.3,31,2,9.71
274,Palmer,US,1590273117,-72.33,42.16,68.0,67,75,14.99
275,Sibu,MY,1590273237,111.82,2.3,73.4,94,75,2.24
276,Port Hedland,AU,1590273237,118.57,-20.32,60.8,41,29,14.99
277,Krasnosel'kup,RU,1590273237,82.47,65.7,58.6,61,87,12.66
278,Menongue,AO,1590273237,17.69,-14.66,54.72,55,0,3.74
279,Saltillo,MX,1590273119,-101.0,25.42,75.2,47,40,11.86
280,Maltahöhe,NA,1590273237,16.98,-24.83,57.4,36,0,9.4
281,Tandil,AR,1590273002,-59.13,-37.32,50.0,66,67,1.01
282,Olafsvik,IS,1590273237,-23.71,64.89,48.18,64,47,6.67
283,Port Blair,IN,1590273237,92.75,11.67,82.51,78,100,6.71
284,Castries,LC,1590273237,-61.01,14.0,84.2,69,20,10.29
285,Chumikan,RU,1590273237,135.31,54.72,41.2,73,77,1.23
286,Ban Nahin,LA,1590273237,104.21,18.24,74.89,92,100,3.65
287,Villa Carlos Paz,AR,1590273237,-64.5,-31.42,54.0,56,0,5.82
288,Norman Wells,CA,1590273237,-126.83,65.28,64.4,39,20,10.29
289,Rio Grande,BR,1590273237,-52.1,-32.03,60.01,99,100,5.99
290,Hobyo,SO,1590273237,48.53,5.35,83.14,68,1,24.45
291,Hambantota,LK,1590273237,81.12,6.12,81.64,82,98,16.64
292,Samarai,PG,1590273237,150.67,-10.62,79.41,88,92,13.11
293,Tual,ID,1590273237,132.75,-5.67,82.35,82,98,24.09
294,Esmeraldas,BR,1590273238,-44.31,-19.76,73.4,73,61,4.7
295,Keti Bandar,PK,1590273238,67.45,24.14,82.87,79,0,17.18
296,Miyako,JP,1590273238,141.95,39.64,63.48,76,1,2.77
297,Vardø,NO,1590273238,31.11,70.37,44.22,79,48,15.57
298,Matsusaka,JP,1590273238,136.53,34.57,69.8,73,20,11.41
299,Kieta,PG,1590273238,155.63,-6.22,83.89,70,99,4.0
300,Megion,RU,1590273238,76.11,61.03,53.6,87,42,6.71
301,Kuandian,CN,1590273238,124.78,40.73,56.03,87,38,3.22
302,São João da Barra,BR,1590273238,-41.05,-21.64,78.8,74,33,6.93
303,Brae,GB,1590273238,-1.35,60.4,48.2,93,100,17.22
304,Chastyye,RU,1590273238,54.97,57.29,50.11,75,100,9.28
305,Eureka,US,1590273173,-124.16,40.8,66.99,65,80,5.99
306,Sarwār,IN,1590273238,75.0,26.07,88.09,32,14,17.11
307,Ugoofaaru,MV,1590273238,73.0,5.67,83.91,78,24,16.37
308,Poum,NC,1590273238,164.02,-20.23,76.89,75,99,15.32
309,Rocha,UY,1590273238,-54.33,-34.48,56.93,71,97,11.59
310,Katangli,RU,1590273238,143.23,51.71,40.05,86,96,8.68
311,Jiménez,MX,1590273238,-105.4,28.33,91.4,5,5,8.05
312,Kodinsk,RU,1590273125,99.18,58.69,64.47,48,28,1.14
313,Dalnerechensk,RU,1590273238,133.72,45.93,52.57,92,100,3.94
314,Broome,US,1590273238,-75.83,42.25,75.0,60,90,5.82
315,Tocopilla,CL,1590273238,-70.2,-22.09,63.64,68,14,4.76
316,Knysna,ZA,1590273238,23.05,-34.04,55.4,82,0,3.36
317,Churapcha,RU,1590273238,132.43,62.0,53.65,43,87,4.16
318,Bagrāmī,AF,1590273239,69.27,34.49,62.6,51,1,3.36
319,Sitka,US,1590273239,-135.33,57.05,55.4,58,90,20.8
320,Prado,BR,1590273239,-39.22,-17.34,74.89,90,0,2.08
321,Rosetta,EG,1590273239,30.42,31.4,68.0,56,40,20.8
322,Guatire,VE,1590273239,-66.54,10.48,77.52,68,88,4.99
323,Kumul,CN,1590273239,93.45,42.8,65.62,38,64,11.54
324,Blagoyevo,RU,1590273239,47.92,63.37,33.35,90,80,2.91
325,Verkhnyaya Inta,RU,1590273239,60.31,65.98,36.16,88,100,12.71
326,Sibolga,ID,1590273239,98.78,1.74,77.0,82,100,4.41
327,Lata,PT,1590273239,-8.33,40.16,63.0,84,7,1.01
328,Eyl,SO,1590273239,49.82,7.98,88.11,54,42,20.65
329,Cabo San Lucas,MX,1590273012,-109.91,22.89,86.0,45,5,12.75
330,Okitipupa,NG,1590273239,4.78,6.5,75.56,93,31,1.81
331,Sola,VU,1590273239,167.55,-13.88,80.6,88,75,8.75
332,College,US,1590273239,-147.8,64.86,72.0,26,40,6.93
333,Danshui,CN,1590273239,114.47,22.8,81.0,99,72,3.91
334,Lac du Bonnet,CA,1590273239,-96.06,50.25,80.01,34,100,5.01
335,Flinders,AU,1590273239,150.86,-34.58,60.01,72,100,11.01
336,La Tuque,CA,1590273008,-72.78,47.43,61.36,38,0,3.36
337,Progreso,MX,1590273239,-89.67,21.28,84.0,94,75,23.04
338,Mandalgovi,MN,1590273239,106.27,45.76,49.05,51,87,13.2
339,Launceston,AU,1590273066,147.17,-41.45,44.6,81,75,13.87
340,Sampit,ID,1590273240,112.95,-2.53,75.79,95,55,0.13
341,Ust'-Koksa,RU,1590273240,85.61,50.27,46.98,77,73,1.36
342,‘Ewa Beach,US,1590273240,-158.01,21.32,84.2,62,1,9.17
343,Lebu,CL,1590273240,-73.65,-37.62,53.2,80,64,5.08
344,Bengkulu,ID,1590273240,102.27,-3.8,76.6,82,14,4.47
345,Mehamn,NO,1590273240,27.85,71.04,45.81,68,29,19.51
346,Port Hardy,CA,1590273240,-127.42,50.7,53.6,87,90,5.82
347,Sinnamary,GF,1590273240,-52.95,5.38,78.98,87,89,9.78
348,Portage,US,1590273240,-81.2,41.17,75.99,53,1,2.04
349,Luanda,AO,1590273240,13.23,-8.84,78.8,88,40,3.36
350,Vanimo,PG,1590273240,141.3,-2.67,84.09,75,17,3.44
351,Motygino,RU,1590273240,94.76,58.18,60.94,56,0,0.72
352,Bud,US,1590273240,-86.18,39.45,72.0,78,1,10.29
353,Lerwick,GB,1590273240,-1.15,60.15,48.2,100,100,26.4
354,Camaná,PE,1590273240,-72.71,-16.62,64.27,77,20,3.67
355,Jalu,LY,1590273240,21.55,29.03,71.65,42,0,12.91
356,Sovetskiy,RU,1590273240,63.58,61.36,43.21,88,9,4.5
357,Shingū,JP,1590273240,135.98,33.73,67.42,85,92,6.69
358,Great Yarmouth,GB,1590273240,1.73,52.61,55.0,75,30,3.0
359,Sørland,NO,1590273240,12.69,67.67,46.6,82,53,6.93
360,Grand Forks,US,1590273236,-97.03,47.93,77.0,47,75,9.17
361,Altay,CN,1590273241,88.12,47.87,54.52,56,22,3.47
362,Erenhot,CN,1590273241,111.98,43.65,55.35,52,88,7.61
363,Bambous Virieux,MU,1590273241,57.76,-20.34,68.0,82,75,3.36
364,Yamaranguila,HN,1590273241,-88.25,14.28,86.0,70,40,11.41
365,Nantucket,US,1590273241,-70.1,41.28,48.2,93,90,17.22
366,Nadym,RU,1590273241,72.52,65.53,49.89,80,100,11.63
367,Acapulco de Juárez,MX,1590272961,-99.89,16.86,84.2,70,5,12.75
368,Necochea,AR,1590273241,-58.74,-38.55,46.99,78,100,1.99
369,Kushima,JP,1590273241,131.23,31.46,69.8,88,40,11.41
370,Darnah,LY,1590273241,22.64,32.77,66.43,77,0,11.27
371,Cap Malheureux,MU,1590273241,57.61,-19.98,68.0,76,0,4.0
372,Mahibadhoo,MV,1590273241,72.97,3.78,84.31,77,87,21.68
373,Vredendal,ZA,1590273241,18.5,-31.67,54.0,82,0,2.84
374,Broken Hill,AU,1590273241,141.43,-31.95,48.2,93,90,17.22
375,Sept-Îles,CA,1590273241,-66.38,50.2,46.4,39,20,10.29
376,Zhicheng,CN,1590273241,111.5,30.3,75.0,69,73,4.16
377,Lüderitz,NA,1590272754,15.16,-26.65,57.2,82,0,2.24
378,Tiznit Province,MA,1590273241,-9.5,29.58,81.88,23,22,1.74
379,Agadez,NE,1590273241,10.25,19.75,88.12,32,97,7.45
380,Bethel,US,1590273241,-73.41,41.37,57.0,82,90,9.17
381,Tokur,RU,1590273241,132.9,53.13,46.83,55,96,4.32
382,Baheri,IN,1590273241,79.5,28.78,84.69,22,89,5.48
383,Eisenberg,DE,1590273241,11.9,50.97,51.01,70,89,11.12
384,Pangnirtung,CA,1590273242,-65.71,66.15,26.13,93,92,6.4
385,Goshāinganj,IN,1590273242,82.38,26.58,84.58,55,46,5.41
386,Dukat,RU,1590273242,155.55,62.55,33.6,87,32,2.66
387,Nguru,NG,1590273242,10.45,12.88,90.52,32,19,1.97
388,Grande Prairie,CA,1590273242,-118.8,55.17,66.2,45,75,8.05
389,Lavrentiya,RU,1590273242,-171.0,65.58,33.71,96,97,2.06
390,Santo Tomas,PH,1590273013,121.14,14.11,80.6,88,75,1.72
391,Kwang Binh,VN,1590273236,106.6,17.48,79.57,81,100,7.18
392,Ancud,CL,1590273242,-73.82,-41.87,59.0,100,90,12.75
393,Tessalit,ML,1590273242,1.01,20.2,79.36,23,0,7.56
394,Karratha,AU,1590273242,116.85,-20.74,69.51,54,68,22.1
395,Pandamatenga,BW,1590273242,25.63,-18.53,54.81,56,0,1.88
396,Marabu,MY,1590273242,114.01,4.41,78.8,94,75,8.05
397,Fairbanks,US,1590273242,-147.72,64.84,73.0,23,1,5.12
398,Sur,OM,1590273242,59.53,22.57,83.82,71,0,12.46
399,Itupiranga,BR,1590273242,-49.33,-5.13,80.6,94,75,2.06
400,Cidreira,BR,1590273242,-50.21,-30.18,59.74,77,33,15.48
401,Bandi̇̄pur,NP,1590273242,84.42,27.93,65.26,93,75,2.39
402,El Alto,PE,1590273243,-81.21,-4.27,68.31,80,4,16.98
403,Truro,GB,1590272999,-5.05,50.27,54.0,87,81,13.87
404,Saint-Augustin,CA,1590273243,-58.65,51.23,45.12,56,25,14.94
405,Kanchanaburi,TH,1590273243,99.1,14.63,78.17,86,100,1.19
406,Aasiaat,GL,1590273243,-52.87,68.71,35.82,84,0,10.96
407,Vaitape,PF,1590273243,-151.75,-16.52,81.7,76,1,18.45
408,Port Moresby,PG,1590273243,147.18,-9.44,77.0,94,75,11.41
409,Sungai Raya,ID,1590273243,108.9,0.7,78.67,89,93,7.09
410,Kushmurun,KZ,1590273243,64.63,52.45,67.06,61,88,8.72
411,Barcelos,PT,1590273143,-8.62,41.54,68.0,87,80,4.59
412,Vostok,RU,1590273243,135.88,46.49,52.18,88,95,2.13
413,Cervo,ES,1590273243,-7.41,43.67,54.0,92,100,11.99
414,Date,JP,1590273243,140.87,42.47,55.63,82,97,2.01
415,Médéa,DZ,1590273083,2.75,36.26,62.6,93,0,2.24
416,Pacific Grove,US,1590273000,-121.92,36.62,71.01,45,1,9.17
417,Katherine,AU,1590273243,132.27,-14.47,59.0,44,78,11.41
418,Mercedes,AR,1590273243,-59.43,-34.65,51.01,40,40,1.01
419,Codrington,AU,1590273243,141.97,-38.27,51.44,74,82,12.46
420,Mikhaylovsk,RU,1590273243,42.03,45.13,44.6,75,0,6.71
421,Arrondissement d'Ajaccio,FR,1590273243,8.92,42.0,62.6,77,77,4.7
422,Nikel,RU,1590273243,30.22,69.41,42.8,52,45,23.04
423,Tongliao,CN,1590273243,122.27,43.61,60.17,65,0,6.22
424,Xai-Xai,MZ,1590273244,33.64,-25.05,64.65,85,0,2.66
425,Daru,PG,1590273244,143.21,-9.08,78.24,84,92,12.66
426,Los Llanos de Aridane,ES,1590273244,-17.92,28.66,69.8,83,100,17.22
427,Grand Gaube,MU,1590273244,57.66,-20.01,68.0,76,0,4.0
428,Severnyy,RU,1590273244,36.55,50.68,42.8,93,75,6.71
429,La Ronge,CA,1590273244,-105.28,55.1,51.8,66,90,16.11
430,San Juan del Cesar,CO,1590273244,-73.0,10.77,81.64,84,97,3.04
431,Tsimmerbude,RU,1590273244,20.13,54.67,50.0,93,90,2.24
432,Cuerámaro,MX,1590273244,-101.72,20.62,89.6,7,5,13.87
433,Nizhneangarsk,RU,1590273244,109.55,55.78,51.22,56,6,8.95
434,Nanortalik,GL,1590273244,-45.24,60.14,43.74,67,100,3.78
435,Innisfail,AU,1590273244,146.03,-17.53,51.01,57,24,4.0
436,Thākurganj,IN,1590273244,88.13,26.45,76.14,83,71,6.85
437,Tsaratanana,MG,1590273244,47.65,-16.78,66.96,76,0,10.47
438,Huanan,CN,1590273244,130.52,46.22,51.89,91,100,8.14
439,Mezen',RU,1590273244,44.24,65.85,32.0,91,23,3.04
440,Santa Cruz de la Sierra,BO,1590273184,-63.17,-17.8,64.4,36,75,13.87
441,Jerusalem,IL,1590273017,35.22,31.77,61.0,86,27,13.0
442,Cartagena del Chairá,CO,1590272973,-74.84,1.33,80.13,85,100,2.35
443,Yakeshi,CN,1590273244,120.73,49.28,44.24,72,21,15.73
444,Burnie,AU,1590273245,145.92,-41.07,53.01,76,2,3.0
445,Ahipara,NZ,1590273245,173.17,-35.17,63.03,89,100,12.5
446,Baie-Comeau,CA,1590273245,-68.15,49.22,48.2,36,1,13.87
447,Dzhebariki-Khaya,RU,1590273245,135.8,62.22,54.19,40,97,3.83
448,Bonthe,SL,1590273245,-12.51,7.53,79.43,86,95,2.8
449,Yanam,IN,1590273245,82.22,16.73,80.87,95,50,2.64
450,Alice Springs,AU,1590273116,133.88,-23.7,41.0,68,75,5.82
451,Iaciara,BR,1590273245,-46.63,-14.1,73.51,79,40,2.21
452,Makkah al Mukarramah,SA,1590273038,39.83,21.43,84.29,30,0,2.62
453,Marovoay,MG,1590273245,46.63,-16.1,71.6,88,20,2.24
454,Upata,VE,1590273245,-62.4,8.01,84.99,65,74,5.01
455,São José da Coroa Grande,BR,1590273245,-35.15,-8.9,78.51,88,9,9.48
456,Kralendijk,BQ,1590273245,-68.27,12.15,84.2,70,100,21.92
457,Marawi,PH,1590273245,124.29,8.0,73.99,89,66,7.0
458,Amparafaravola,MG,1590273245,48.22,-17.58,60.04,92,48,3.56
459,Alihe,CN,1590273245,123.72,50.57,49.64,74,98,8.84
460,Awjilah,LY,1590273245,21.29,29.11,71.01,43,0,15.05
461,Port Lincoln,AU,1590273245,135.87,-34.73,56.82,68,98,10.33
462,Abu Samrah,SY,1590273245,37.18,35.3,61.32,71,0,13.85
463,Kashgar,CN,1590273245,75.98,39.45,68.0,27,0,8.95
464,Mamakan,RU,1590273245,114.0,57.82,56.07,39,10,0.89
465,Nuuk,GL,1590273245,-51.72,64.18,39.2,80,0,8.05
466,Taoudenni,ML,1590273246,-3.98,22.68,86.47,25,0,15.12
467,Hvolsvollur,IS,1590273246,-20.22,63.75,46.99,65,0,5.01
468,Lubbock,US,1590273204,-101.83,33.6,87.8,43,75,16.11
469,Bom Jesus da Lapa,BR,1590273246,-43.42,-13.26,78.8,74,43,2.24
470,Antalaha,MG,1590273246,50.28,-14.9,72.12,89,62,9.44
471,Porecatu,BR,1590273246,-51.38,-22.76,55.4,71,84,8.05
472,Rio Rancho,US,1590273232,-106.66,35.23,84.99,10,1,14.99
473,Chardara,KZ,1590273246,67.97,41.25,73.8,47,0,2.44
474,Qaqortoq,GL,1590273246,-46.03,60.72,55.4,28,28,13.87
475,Baoying,CN,1590273246,119.31,33.23,78.01,99,22,1.01
476,Castro Urdiales,ES,1590273246,-3.22,43.38,55.0,87,20,2.24
477,Vágur,FO,1590273246,-6.81,61.47,47.1,92,97,26.11
478,Smidovich,RU,1590273246,133.82,48.6,52.59,78,99,11.81
479,Puerto Cabezas,NI,1590273246,-83.39,14.04,83.77,78,88,6.33
480,Juneau,US,1590273225,-134.42,58.3,57.2,62,90,5.82
481,Yibin,CN,1590273246,104.62,28.77,72.18,77,100,7.02
482,Tricase,IT,1590273246,18.36,39.93,60.8,77,5,3.36
483,Midland,US,1590273208,-102.08,32.0,89.6,38,40,27.51
484,Russell,US,1590273043,-85.2,32.35,89.6,49,20,2.75
485,Valdivia,CL,1590273246,-73.25,-39.81,48.2,100,90,3.36
486,Dwārka,IN,1590273246,68.97,22.24,82.76,82,0,13.56
487,Beringovskiy,RU,1590273246,179.32,63.05,32.04,98,96,13.0
488,Qarqīn,AF,1590273246,66.04,37.42,81.14,23,0,1.48
489,Marzuq,YE,1590273247,46.47,14.4,80.87,39,83,5.68
490,Bahía Blanca,AR,1590273038,-62.27,-38.72,53.96,42,100,16.42
491,San Cristobal,VE,1590273247,-72.22,7.77,91.4,41,40,25.28
492,Rendsburg,DE,1590273247,9.67,54.3,52.0,76,40,8.05
493,Mt. Pleasant,US,1590273247,-79.86,32.79,84.2,70,1,8.05
494,Boende,CD,1590273247,20.87,-0.22,72.72,96,89,2.01
495,San-Pédro,CI,1590273247,-6.64,4.75,77.88,90,84,3.47
496,Madera,US,1590273247,-119.83,37.17,82.0,28,0,1.01
497,Khāsh,IR,1590273247,61.22,28.22,71.29,46,0,4.27
498,Alexandria,EG,1590273050,29.96,31.22,68.0,56,40,20.8
499,Belmonte,BR,1590273247,-38.88,-15.86,75.2,88,75,4.7
500,Puerto Nariño,CO,1590273247,-70.38,-3.77,87.8,74,75,2.24
501,Longhua,CN,1590273247,114.19,23.61,75.4,88,14,1.21
502,Soyo,AO,1590273247,12.37,-6.13,78.49,86,1,6.51
503,Buinsk,RU,1590273247,48.28,54.95,53.6,76,90,13.42
504,Kalabo,ZM,1590273247,22.68,-14.97,56.66,48,0,5.28
505,Copiapó,CL,1590273076,-70.33,-27.37,59.0,77,0,10.29
506,Harper,LR,1590273247,-7.72,4.38,79.23,85,11,5.79
507,Mizusawa,JP,1590273247,141.13,39.13,64.94,81,54,2.06
508,Diamantino,BR,1590273019,-56.45,-14.41,61.27,77,97,10.27
509,Taksimo,RU,1590273247,114.88,56.34,52.83,42,67,2.04
510,Saint Paul,US,1590273019,-93.09,44.94,71.6,68,75,6.93
511,Ulladulla,AU,1590273248,150.47,-35.35,57.2,76,90,17.22
512,Grand-Lahou,CI,1590273248,-5.02,5.14,78.84,87,88,6.69
513,Pozo Colorado,PY,1590273248,-58.8,-23.49,53.85,67,0,3.69
514,Funadhoo,MV,1590273248,73.27,6.15,83.68,80,26,15.95
515,Lunel,FR,1590273248,4.14,43.68,64.4,59,90,6.93
516,Yambio,SS,1590273248,28.4,4.57,68.09,96,52,2.1
517,Te Anau,NZ,1590273248,167.72,-45.42,50.65,77,78,2.19
518,Mahon,ES,1590272974,4.27,39.89,68.0,82,85,16.11
519,Calbuco,CL,1590273248,-73.13,-41.77,50.0,93,90,21.92
520,Smithers,CA,1590273240,-127.17,54.78,64.4,36,75,3.36
521,Berkåk,NO,1590273248,10.01,62.83,52.0,65,1,1.99
522,Markala,ML,1590273248,-6.07,13.7,90.79,11,1,6.87
523,San Quintín,MX,1590273248,-115.95,30.48,65.77,63,0,18.12
524,Saquarema,BR,1590273248,-42.51,-22.92,77.0,83,59,4.7
525,Beloha,MG,1590273248,45.05,-25.17,68.58,81,74,8.41
526,Mayo,US,1590273248,-76.51,38.89,79.0,71,37,1.99
527,Beberibe,BR,1590273248,-38.13,-4.18,82.4,78,40,6.93
528,Asău,RO,1590273248,26.4,46.43,43.0,83,56,3.69
529,Marrakesh,MA,1590273248,-8.01,31.63,86.0,30,40,4.7
